{"name":"f787ad23-9b56-41dd-b5fe-a65ca7b232e0","id":"/providers/Microsoft.Flow/flows/f787ad23-9b56-41dd-b5fe-a65ca7b232e0","type":"Microsoft.Flow/flows","properties":{"apiId":"/providers/Microsoft.PowerApps/apis/shared_logicflows","displayName":"Form Fetcher","definition":{"metadata":{"workflowEntityId":null,"creator":{"id":"e5c2c38d-7cf4-4add-8f11-20f95194bc97","type":"User","tenantId":"592b5396-bf52-4b35-a844-d5ab522c3666"},"provisioningMethod":"FromDefinition","failureAlertSubscription":true,"clientLastModifiedTime":"2019-08-08T19:02:32.0261789Z"},"$schema":"https://schema.management.azure.com/providers/Microsoft.Logic/schemas/2016-06-01/workflowdefinition.json#","contentVersion":"1.0.0.0","parameters":{"$connections":{"defaultValue":{},"type":"Object"},"$authentication":{"defaultValue":{},"type":"SecureObject"}},"triggers":{"TRIGGER:_New_response_submitted_to_PRIME_form":{"metadata":{"flowSystemMetadata":{"swaggerOperationId":"CreateFormWebhook"}},"type":"ApiConnectionWebhook","inputs":{"host":{"connection":{"name":"@parameters('$connections')['shared_microsoftforms']['connectionId']"},"api":{"runtimeUrl":"https://flow-apim-msmanaged-na-centralus-01.azure-apim.net/apim/microsoftforms"}},"body":{"eventType":"responseAdded","notificationUrl":"@{listCallbackUrl()}","source":"ms-connector"},"path":"/formapi/api/forms/@{encodeURIComponent('llMrWVK_NUuoRNWrUiw2Zo3DwuX0fN1KjxEg-VGUvJdUODNQSkMzN0xEOE1SMFVETTVRSEc5TklOUi4u')}/webhooks","authentication":"@parameters('$authentication')"}}},"actions":{"Apply_to_each":{"foreach":"@triggerBody()?['value']","actions":{"Fetch_form_information":{"runAfter":{},"metadata":{"flowSystemMetadata":{"swaggerOperationId":"GetFormResponseById"}},"type":"ApiConnection","inputs":{"host":{"connection":{"name":"@parameters('$connections')['shared_microsoftforms']['connectionId']"},"api":{"runtimeUrl":"https://flow-apim-msmanaged-na-centralus-01.azure-apim.net/apim/microsoftforms"}},"method":"get","path":"/formapi/api/forms('@{encodeURIComponent('llMrWVK_NUuoRNWrUiw2Zo3DwuX0fN1KjxEg-VGUvJdUODNQSkMzN0xEOE1SMFVETTVRSEc5TklOUi4u')}')/responses","queries":{"response_id":"@items('Apply_to_each')?['resourceData']?['responseId']"},"authentication":"@parameters('$authentication')"}},"Apply_to_each_2":{"foreach":"@variables('Invalid Character Set')","actions":{"Sanitize_approver_list":{"runAfter":{},"type":"SetVariable","inputs":{"name":"Alias","value":"@{replace(variables('Test'), item(), '')}"}},"Set_string_to_sanitized_alias":{"runAfter":{"Sanitize_approver_list":["Succeeded"]},"type":"SetVariable","inputs":{"name":"Test","value":"@variables('Alias')"}}},"runAfter":{"Set_sanitization_string_to_approvers_selected_in_form":["Succeeded"]},"type":"Foreach"},"Set_sanitization_string_to_approvers_selected_in_form":{"runAfter":{"Fetch_form_information":["Succeeded"]},"type":"SetVariable","inputs":{"name":"Test","value":"@body('Fetch_form_information')?['rb218b26da75243e9996c5c1442107fc2']"}},"Replace_commas_with_semicolons":{"runAfter":{"Apply_to_each_2":["Succeeded"]},"type":"SetVariable","inputs":{"name":"Alias","value":"@{replace(variables('Test'), ',', '; ')}"}},"Set_string_to_final_alias":{"runAfter":{"Replace_commas_with_semicolons":["Succeeded"]},"type":"SetVariable","inputs":{"name":"Test","value":"@{variables('Alias')};"}},"Create_SharePoint_item":{"runAfter":{"Set_string_to_final_alias":["Succeeded"]},"metadata":{"flowSystemMetadata":{"swaggerOperationId":"PostItem"}},"type":"ApiConnection","inputs":{"host":{"connection":{"name":"@parameters('$connections')['shared_sharepointonline']['connectionId']"},"api":{"runtimeUrl":"https://flow-apim-msmanaged-na-northcentralus-01.azure-apim.net/apim/sharepointonline"}},"method":"post","body":{"Title":"@{items('Apply_to_each')?['resourceData']?['responseId']}","ProductName":"@body('Fetch_form_information')?['r43d739d903a14f0285991cc43d52402d']","IdeaCategory":"@body('Fetch_form_information')?['r34ad3dee45d9477a828e6da56a72ddee']","BusinessCaseCategory":"@body('Fetch_form_information')?['r8cbda9b3d8a74965b35e365cda3cbc77']","MarketSegments":"@body('Fetch_form_information')?['r1810d26dd6f54fb8ba4bacc19ce52fa8']","ApplicationDetails":"@body('Fetch_form_information')?['r6943a8997258423eb3a4520e4b623d0d']","ExpectedVolume":"@{body('Fetch_form_information')?['r5af088f804c34bbfbf0062d7cb332c94']} @{body('Fetch_form_information')?['re4ceb8b521fe48f0b1b59e8af86afa9e']}","Customers":"@body('Fetch_form_information')?['r28e03fa0cb2046dba9ebcd2774458aff']","TargetProductionLocation":"@body('Fetch_form_information')?['r86a6f303b98345ab8dec99f72b0f1fc8']","SalesLocation":"@body('Fetch_form_information')?['r2936214295434782a9b83e401110e122']","BusinessCaseDetails":"@body('Fetch_form_information')?['r32a236ea8001446f829d9b085b887b92']","BusinessCaseValue":"@{body('Fetch_form_information')?['rfc5d43e3678f4b78a7b0274e2d737955']} @{body('Fetch_form_information')?['r143ca7d664764997808f8de1582e24fd']}","ProductSpecification":"@body('Fetch_form_information')?['r46154a4bc69c47d88ccae795c972bb62']","RegulatoryRequirements":"@body('Fetch_form_information')?['r398dd0fc89b1406eb09c643f58f4c0a2']","Goals_x002f_MeasuresofSuccess":"@body('Fetch_form_information')?['re1cc2c011d2d4bcb856a85de744d5872']","BenefitsQuantified":"@body('Fetch_form_information')?['ra7b1f0164fe34edaa0d4d32bf84b85bb']","RisksQuantified":"@body('Fetch_form_information')?['rda57a7b8c0414032872a32fa0cd35fa5']","BenefitsvsRisks":"@body('Fetch_form_information')?['re068e78e7ae941dc8e796f1fccf9d10c']","SegmentTeamsAware":"@body('Fetch_form_information')?['rd2fba8b746274db9a88c9c9724943cd2']","SalesTeamAware":"@body('Fetch_form_information')?['r6eb9efa6300e402cb9bc8965cfdf74b6']","AffectedCustomersConsidered":"@body('Fetch_form_information')?['r3174c89fa1b842508785c9675b23a8cc']","TechnicalBasis":"@body('Fetch_form_information')?['r5997750357df44448ae73b1a9711d4bb']","ProductQualityEffects":"@body('Fetch_form_information')?['r90495c2dc9a6468d8fd64ba471c534b9']","ProductQuarantineRequirements":"@body('Fetch_form_information')?['r472b522c1d5a4ed48d098aba86e367ff']","SpecialShippingInstructions":"@body('Fetch_form_information')?['rc68d1a44694b45ca9295cbdabafbb0f4']","LabSoftReclassification":"@body('Fetch_form_information')?['re101056906ef4870a51764fb6a27146e']","InternalCommunication":"@body('Fetch_form_information')?['rf48e4d3b319f4afb93d4f9f6e8502b21']","CustomerNotification":"@body('Fetch_form_information')?['r82047f3c365e4c738f31ee2c34f85362']","InternalStakeholdersAware":"@body('Fetch_form_information')?['r21cc9d6d59724b5491a7b3d9069856bd']","PendingApprovalBy":"@variables('Test')"},"path":"/datasets/@{encodeURIComponent(encodeURIComponent('https://braskemsa.sharepoint.com/teams/PRIMEFLOWTEST'))}/tables/@{encodeURIComponent(encodeURIComponent('13417491-c007-4877-a4df-94bfd0ceb1b3'))}/items","authentication":"@parameters('$authentication')"}}},"runAfter":{"Creates_alias_to_string_for_sanitization_of_form_inputs":["Succeeded"]},"type":"Foreach"},"Creates_char_array_for_sanitization_of_form_inputs":{"runAfter":{},"type":"InitializeVariable","inputs":{"variables":[{"name":"Invalid Character Set","type":"Array","value":"@createArray('\"','[',']')"}]}},"Creates_string_for_sanitization_of_form_inputs":{"runAfter":{"Creates_char_array_for_sanitization_of_form_inputs":["Succeeded"]},"type":"InitializeVariable","inputs":{"variables":[{"name":"Test","type":"String","value":"ABCD"}]}},"Creates_alias_to_string_for_sanitization_of_form_inputs":{"runAfter":{"Creates_string_for_sanitization_of_form_inputs":["Succeeded"]},"type":"InitializeVariable","inputs":{"variables":[{"name":"Alias","type":"String"}]}}}},"connectionReferences":{"shared_microsoftforms":{"connectionName":"shared-microsoftform-37da0f5b-de83-419b-ada9-f03ad76501f0","source":"Embedded","id":"/providers/Microsoft.PowerApps/apis/shared_microsoftforms","tier":"NotSpecified"},"shared_sharepointonline":{"connectionName":"shared-sharepointonl-882aa694-352e-4863-ba6c-00ea4a156f31","source":"Embedded","id":"/providers/Microsoft.PowerApps/apis/shared_sharepointonline","tier":"NotSpecified"}},"flowFailureAlertSubscribed":false}}