{"name":"e1e7bd20-8b6d-4338-97cb-9990f29ac678","id":"/providers/Microsoft.Flow/flows/e1e7bd20-8b6d-4338-97cb-9990f29ac678","type":"Microsoft.Flow/flows","properties":{"apiId":"/providers/Microsoft.PowerApps/apis/shared_logicflows","displayName":"Request Re-Trigger","definition":{"metadata":{"workflowEntityId":null,"creator":{"id":"e5c2c38d-7cf4-4add-8f11-20f95194bc97","type":"User","tenantId":"592b5396-bf52-4b35-a844-d5ab522c3666"},"provisioningMethod":"FromDefinition","failureAlertSubscription":true,"clientLastModifiedTime":"2019-08-08T19:26:18.7611463Z"},"$schema":"https://schema.management.azure.com/providers/Microsoft.Logic/schemas/2016-06-01/workflowdefinition.json#","contentVersion":"1.0.0.0","parameters":{"$connections":{"defaultValue":{},"type":"Object"},"$authentication":{"defaultValue":{},"type":"SecureObject"}},"triggers":{"TRIGGER:_When_dummy_file_is_created_in_folder":{"recurrence":{"interval":5,"frequency":"Minute"},"metadata":{"%252fLists%252fPRIME%2bTest%2bList%252fItem":"/Lists/PRIME Test List/Item","flowSystemMetadata":{"swaggerOperationId":"OnNewFile"},"%252fDocumentos%2bCompartilhados%252fDUMMY%2bCACHE":"/Documentos Compartilhados/DUMMY CACHE"},"type":"ApiConnection","inputs":{"host":{"connection":{"name":"@parameters('$connections')['shared_sharepointonline']['connectionId']"},"api":{"runtimeUrl":"https://flow-apim-msmanaged-na-northcentralus-01.azure-apim.net/apim/sharepointonline"}},"method":"get","path":"/datasets/@{encodeURIComponent(encodeURIComponent('https://braskemsa.sharepoint.com/teams/PRIMEFLOWTEST'))}/triggers/onnewfile","queries":{"folderId":"%252fDocumentos%2bCompartilhados%252fDUMMY%2bCACHE","queryParametersSingleEncoded":true,"inferContentType":true},"authentication":"@parameters('$authentication')"}}},"actions":{"Update_SharePoint_item_with_dummy_data":{"runAfter":{"Set_string_to_stored_ID":["Succeeded"]},"metadata":{"flowSystemMetadata":{"swaggerOperationId":"PatchItem"}},"type":"ApiConnection","inputs":{"host":{"connection":{"name":"@parameters('$connections')['shared_sharepointonline']['connectionId']"},"api":{"runtimeUrl":"https://flow-apim-msmanaged-na-northcentralus-01.azure-apim.net/apim/sharepointonline"}},"method":"patch","body":{"Title":"@base64ToString(triggerOutputs()['headers']['x-ms-file-name-encoded'])"},"path":"/datasets/@{encodeURIComponent(encodeURIComponent('https://braskemsa.sharepoint.com/teams/PRIMEFLOWTEST'))}/tables/@{encodeURIComponent(encodeURIComponent('13417491-c007-4877-a4df-94bfd0ceb1b3'))}/items/@{encodeURIComponent(variables('DummyID'))}","authentication":"@parameters('$authentication')"}},"Set_string_to_stored_ID":{"runAfter":{},"type":"InitializeVariable","inputs":{"variables":[{"name":"DummyID","type":"String","value":"@{triggerBody()}"}]}},"Delete_dummy_file":{"runAfter":{"Update_SharePoint_item_with_dummy_data":["Succeeded"]},"metadata":{"flowSystemMetadata":{"swaggerOperationId":"DeleteFile"}},"type":"ApiConnection","inputs":{"host":{"connection":{"name":"@parameters('$connections')['shared_sharepointonline']['connectionId']"},"api":{"runtimeUrl":"https://flow-apim-msmanaged-na-northcentralus-01.azure-apim.net/apim/sharepointonline"}},"method":"delete","path":"/datasets/@{encodeURIComponent(encodeURIComponent('https://braskemsa.sharepoint.com/teams/PRIMEFLOWTEST'))}/files/@{encodeURIComponent(triggerOutputs()['headers']['x-ms-file-id'])}","authentication":"@parameters('$authentication')"}}}},"connectionReferences":{"shared_sharepointonline":{"connectionName":"shared-sharepointonl-882aa694-352e-4863-ba6c-00ea4a156f31","source":"Embedded","id":"/providers/Microsoft.PowerApps/apis/shared_sharepointonline","tier":"NotSpecified"}},"flowFailureAlertSubscribed":false}}