{"name":"769eebe3-b688-4168-9acd-e0fc36e8da56","id":"/providers/Microsoft.Flow/flows/769eebe3-b688-4168-9acd-e0fc36e8da56","type":"Microsoft.Flow/flows","properties":{"apiId":"/providers/Microsoft.PowerApps/apis/shared_logicflows","displayName":"Approval Request","definition":{"metadata":{"workflowEntityId":null,"creator":{"id":"e5c2c38d-7cf4-4add-8f11-20f95194bc97","type":"User","tenantId":"592b5396-bf52-4b35-a844-d5ab522c3666"},"provisioningMethod":"FromDefinition","failureAlertSubscription":true,"clientLastModifiedTime":"2019-08-08T19:41:15.4366335Z"},"$schema":"https://schema.management.azure.com/providers/Microsoft.Logic/schemas/2016-06-01/workflowdefinition.json#","contentVersion":"1.0.0.0","parameters":{"$connections":{"defaultValue":{},"type":"Object"},"$authentication":{"defaultValue":{},"type":"SecureObject"}},"triggers":{"TRIGGER:_When_a_PRIME_list_item_is_created_or_modified":{"recurrence":{"interval":5,"frequency":"Minute"},"splitOn":"@triggerBody()?['value']","metadata":{"flowSystemMetadata":{"swaggerOperationId":"GetOnUpdatedItems"}},"type":"ApiConnection","inputs":{"host":{"connection":{"name":"@parameters('$connections')['shared_sharepointonline']['connectionId']"},"api":{"runtimeUrl":"https://flow-apim-msmanaged-na-northcentralus-01.azure-apim.net/apim/sharepointonline"}},"method":"get","path":"/datasets/@{encodeURIComponent(encodeURIComponent('https://braskemsa.sharepoint.com/teams/PRIMEFLOWTEST'))}/tables/@{encodeURIComponent(encodeURIComponent('13417491-c007-4877-a4df-94bfd0ceb1b3'))}/onupdateditems","authentication":"@parameters('$authentication')"}}},"actions":{"Set_email_to_be_used_from_the_first_in_Pending_Approval_By_column":{"runAfter":{},"type":"InitializeVariable","inputs":{"variables":[{"name":"Email","type":"String","value":"@{substring(triggerBody()?['PendingApprovalBy'], 0, indexOf(triggerBody()?['PendingApprovalBy'], ';'))}"}]}},"Fetch_all_emails_left_in_Pending_Approval_Column":{"runAfter":{"Set_email_to_be_used_from_the_first_in_Pending_Approval_By_column":["Succeeded"]},"type":"InitializeVariable","inputs":{"variables":[{"name":"Emails","type":"String","value":"@triggerBody()?['PendingApprovalBy']"}]}},"Error_Handling_Conditional":{"actions":{"Create_an_Approval_for_fetched_email":{"runAfter":{},"metadata":{"flowSystemMetadata":{"swaggerOperationId":"CreateAnApproval"}},"type":"ApiConnection","inputs":{"host":{"connection":{"name":"@parameters('$connections')['shared_approvals']['connectionId']"},"api":{"runtimeUrl":"https://flow-apim-msmanaged-na-eastus2-01.azure-apim.net/apim/approvals"}},"method":"post","body":{"title":"@triggerBody()?['ProductName']","assignedTo":"@{variables('Email')};","itemLink":"@triggerBody()?['{Link}']","enableNotifications":true},"path":"/types/@{encodeURIComponent('Basic')}","authentication":"@parameters('$authentication')"}},"Send_Approval_email_to_fetched_email":{"runAfter":{"Create_an_Approval_for_fetched_email":["Succeeded"]},"metadata":{"flowSystemMetadata":{"swaggerOperationId":"SendEmailV2"}},"type":"ApiConnection","inputs":{"host":{"connection":{"name":"@parameters('$connections')['shared_office365']['connectionId']"},"api":{"runtimeUrl":"https://flow-apim-msmanaged-na-eastus2-01.azure-apim.net/apim/office365"}},"method":"post","body":{"To":"@{variables('Email')};","Subject":"SET APPROVAL STATUS FOR @{triggerBody()?['ProductName']}","Body":"<p><span style=\"font-size: 16px\"><strong>APPROVAL REQUESTED:</strong></span> @{triggerBody()?['ProductName']}<br>\n<br>\nRequested by @{triggerBody()?['Author']?['Email']}<br>\nDate Requested: @{body('Create_an_Approval_for_fetched_email')?['requestDate']}<br>\nLink to Item: @{triggerBody()?['{Link}']}<br>\n<br>\n<strong>===========</strong><br>\n<br>\n<strong>APPROVE/DENY HERE:</strong><br>\n@{body('Create_an_Approval_for_fetched_email')?['respondLink']}</p>","Importance":"High"},"path":"/v2/Mail","authentication":"@parameters('$authentication')"}},"Wait_for_Approval_update_from_Approver":{"runAfter":{"Send_Approval_email_to_fetched_email":["Succeeded"]},"metadata":{"flowSystemMetadata":{"swaggerOperationId":"WaitForAnApproval"}},"type":"ApiConnectionWebhook","inputs":{"host":{"connection":{"name":"@parameters('$connections')['shared_approvals']['connectionId']"},"api":{"runtimeUrl":"https://flow-apim-msmanaged-na-eastus2-01.azure-apim.net/apim/approvals"}},"body":{"notificationUrl":"@{listCallbackUrl()}"},"path":"/approvals/@{encodeURIComponent(body('Create_an_Approval_for_fetched_email')?['name'])}/subscriptions","authentication":"@parameters('$authentication')"}},"Create_dummy_file_to_re-trigger_flow_execution":{"runAfter":{"Apply_to_each":["Succeeded"]},"metadata":{"flowSystemMetadata":{"swaggerOperationId":"CreateFile"}},"type":"ApiConnection","inputs":{"host":{"connection":{"name":"@parameters('$connections')['shared_sharepointonline']['connectionId']"},"api":{"runtimeUrl":"https://flow-apim-msmanaged-na-northcentralus-01.azure-apim.net/apim/sharepointonline"}},"method":"post","body":"@triggerBody()?['ID']","path":"/datasets/@{encodeURIComponent(encodeURIComponent('https://braskemsa.sharepoint.com/teams/PRIMEFLOWTEST'))}/files","queries":{"folderPath":"/Documentos Compartilhados/DUMMY CACHE","name":"@body('Update_SharePoint_item_if_Approval_was_Approved')['Title']","queryParametersSingleEncoded":true},"authentication":"@parameters('$authentication')"}},"Update_SharePoint_item_if_Approved_or_Rejected":{"actions":{"Update_SharePoint_item_if_Approval_was_Approved":{"runAfter":{},"metadata":{"flowSystemMetadata":{"swaggerOperationId":"PatchItem"}},"type":"ApiConnection","inputs":{"host":{"connection":{"name":"@parameters('$connections')['shared_sharepointonline']['connectionId']"},"api":{"runtimeUrl":"https://flow-apim-msmanaged-na-northcentralus-01.azure-apim.net/apim/sharepointonline"}},"method":"patch","body":{"Title":"@triggerBody()?['Title']","PendingApprovalBy":"@{replace(variables('Emails'), variables('dd'), '')}","ApprovedBy":" @{variables('Email')}; @{triggerBody()?['ApprovedBy']}"},"path":"/datasets/@{encodeURIComponent(encodeURIComponent('https://braskemsa.sharepoint.com/teams/PRIMEFLOWTEST'))}/tables/@{encodeURIComponent(encodeURIComponent('13417491-c007-4877-a4df-94bfd0ceb1b3'))}/items/@{encodeURIComponent(triggerBody()?['ID'])}","authentication":"@parameters('$authentication')"}}},"runAfter":{"Wait_for_Approval_update_from_Approver":["Succeeded"]},"else":{"actions":{"Update_SharePoint_item_if_Approval_was_Rejected":{"runAfter":{},"metadata":{"flowSystemMetadata":{"swaggerOperationId":"PatchItem"}},"type":"ApiConnection","inputs":{"host":{"connection":{"name":"@parameters('$connections')['shared_sharepointonline']['connectionId']"},"api":{"runtimeUrl":"https://flow-apim-msmanaged-na-northcentralus-01.azure-apim.net/apim/sharepointonline"}},"method":"patch","body":{"Title":"@triggerBody()?['Title']","PendingApprovalBy":"@{replace(variables('Emails'), variables('dd'), '')}","RejectedBy":"@{variables('Email')};@{triggerBody()?['RejectedBy']}"},"path":"/datasets/@{encodeURIComponent(encodeURIComponent('https://braskemsa.sharepoint.com/teams/PRIMEFLOWTEST'))}/tables/@{encodeURIComponent(encodeURIComponent('13417491-c007-4877-a4df-94bfd0ceb1b3'))}/items/@{encodeURIComponent(triggerBody()?['ID'])}","authentication":"@parameters('$authentication')"}}}},"expression":{"equals":["@body('Wait_for_Approval_update_from_Approver')?['outcome']","Approve"]},"type":"If"},"Apply_to_each":{"foreach":"@body('Wait_for_Approval_update_from_Approver')?['responses']","actions":{"Send_status_update_to_original_requestor_of_Approval":{"runAfter":{},"metadata":{"flowSystemMetadata":{"swaggerOperationId":"SendEmailV2"}},"type":"ApiConnection","inputs":{"host":{"connection":{"name":"@parameters('$connections')['shared_office365']['connectionId']"},"api":{"runtimeUrl":"https://flow-apim-msmanaged-na-eastus2-01.azure-apim.net/apim/office365"}},"method":"post","body":{"To":"@{triggerBody()?['Author']?['Email']};","Subject":"@{triggerBody()?['ProductName']} STATUS SET TO @{body('Wait_for_Approval_update_from_Approver')?['outcome']} BY @{variables('Email')}","Body":"<p>@{triggerBody()?['ProductName']} STATUS SET TO @{body('Wait_for_Approval_update_from_Approver')?['outcome']} BY @{variables('Email')}<br>\n<br>\n<strong>Comments:</strong><br>\n@{items('Apply_to_each')?['comments']}<br>\n<br>\n<strong>Link to Item:</strong><br>\n@{triggerBody()?['{Link}']}</p>"},"path":"/v2/Mail","authentication":"@parameters('$authentication')"}}},"runAfter":{"Update_SharePoint_item_if_Approved_or_Rejected":["Succeeded"]},"type":"Foreach"}},"runAfter":{"Alias_for_email_string":["Succeeded"]},"else":{"actions":{"Terminates_process_if_exception_occurs":{"runAfter":{"Error_handling_for_null_exception_in_conditional":["Succeeded"]},"type":"Terminate","inputs":{"runStatus":"Succeeded"}},"Error_handling_for_null_exception_in_conditional":{"runAfter":{},"metadata":{"flowSystemMetadata":{"swaggerOperationId":"SendEmailV3"}},"type":"ApiConnection","inputs":{"host":{"connection":{"name":"@parameters('$connections')['shared_sendmail']['connectionId']"},"api":{"runtimeUrl":"https://flow-apim-msmanaged-na-centralus-01.azure-apim.net/apim/sendmail"}},"method":"post","body":{"to":"rsalus.braskem@outlook.com","subject":"Terminated","text":"<p>Terminated</p>","ishtml":true},"path":"/v3/mail/send","authentication":"@parameters('$authentication')"}}}},"expression":{"not":{"equals":["@variables('Email')","@null"]}},"type":"If"},"Alias_for_email_string":{"runAfter":{"Fetch_all_emails_left_in_Pending_Approval_Column":["Succeeded"]},"type":"InitializeVariable","inputs":{"variables":[{"name":"dd","type":"String","value":"@{variables('Email')};"}]}},"Error_handling_for_no_approver_exception":{"runAfter":{"Set_email_to_be_used_from_the_first_in_Pending_Approval_By_column":["Failed"]},"type":"Terminate","inputs":{"runStatus":"Failed","runError":{"code":"ERR:001","message":"No Approvers"}}}}},"connectionReferences":{"shared_approvals":{"connectionName":"shared-approvals-60623c1f-d845-4a16-a2d0-c219fec36aff","source":"Embedded","id":"/providers/Microsoft.PowerApps/apis/shared_approvals","tier":"NotSpecified"},"shared_office365":{"connectionName":"shared-office365-a9163fda-f1d8-4aef-8140-27837f6a53da","source":"Embedded","id":"/providers/Microsoft.PowerApps/apis/shared_office365","tier":"NotSpecified"},"shared_sharepointonline":{"connectionName":"shared-sharepointonl-882aa694-352e-4863-ba6c-00ea4a156f31","source":"Embedded","id":"/providers/Microsoft.PowerApps/apis/shared_sharepointonline","tier":"NotSpecified"},"shared_sendmail":{"connectionName":"shared-sendmail-c1f81356-90c0-4d12-b62a-11c75011732e","source":"Embedded","id":"/providers/Microsoft.PowerApps/apis/shared_sendmail","tier":"NotSpecified"}},"flowFailureAlertSubscribed":false}}